Death Rate Report for United States by State,,,
"All Cancer Sites, 2009 - 2013",,,
,,,
"All Races (includes Hispanic), Both Sexes, All Ages ",,,
,,,
Healthy People 2020 Objective Number: C-1,,,
,,,
Reduce the overall cancer death rate,,,
,,,
Sorted by Rate,,,
,,,
State,FIPS,Met Objective of 161.4? (1),Age-Adjusted Death Rate
,,,
United States,0,No,168.5
Kentucky,21000,No,202.6
Mississippi,28000,No,198.6
West Virginia,54000,No,196.1
Louisiana,22000,No,193.5
Arkansas,5000,No,192.2
Tennessee,47000,No,190.8
Oklahoma,40000,No,189.1
Alabama,1000,No,188.1
Indiana,18000,No,185.2
Ohio,39000,No,184.1
District of Columbia,11001,No,182.3
Missouri,29000,No,182.1
Maine,23000,No,181.4
South Carolina,45000,No,180
Michigan,26000,No,177.1
Delaware,10000,No,176.8
Pennsylvania,42000,No,176.8
Alaska,2900,No,176.3
Illinois,17000,No,176.2
North Carolina,37000,No,173.4
Georgia,13000,No,171.6
Rhode Island,44000,No,171.3
Vermont,50000,No,171.2
Iowa,19000,No,169.7
Oregon,41000,No,169.7
Wisconsin,55000,No,169.7
Nevada,32000,No,169.4
Virginia,51000,No,169.1
New Hampshire,33000,No,168.9
Kansas,20000,No,168.4
Maryland,24000,No,168.2
Massachusetts,25000,No,166.8
Washington,53000,No,165.7
Nebraska,31000,No,164.1
New Jersey,34000,No,163.8
South Dakota,46000,No,162.5
Texas,48000,No,161.8
Minnesota,27000,Yes,161
Florida,12000,Yes,160.3
New York,36000,Yes,160.1
Montana,30000,Yes,159
Wyoming,56000,Yes,158.1
Idaho,16000,Yes,156.7
Connecticut,9000,Yes,156.5
North Dakota,38000,Yes,154.7
California,6000,Yes,152.6
Arizona,4000,Yes,149.4
New Mexico,35000,Yes,148
Colorado,8000,Yes,145.4
Hawaii,15000,Yes,137.8
Utah,49000,Yes,128.1
,,,
,,,
Notes:,,,
Created by statecancerprofiles.cancer.gov on 02/03/2017 11:51 am.,,,
State Cancer Registries may provide more current or more local data.  Data presented on the State Cancer Profiles Web Site may differ from statistics reported by the State Cancer Registries.,,,
,,,
Trend,,,
   Rising when 95% confidence interval of average annual percent change is above 0.,,,
   Stable when 95% confidence interval of average annual percent change includes 0.,,,
   Falling when 95% confidence interval of average annual percent change is below 0.,,,
,,,
(1) Healthy People 2020 Objectives provided by the Centers for Disease Control and Prevention.,,,
"(2) The Average Annual Percent Change (AAPC) is based on the APCs calculated by Joinpoint Regression Program (Version 4.3.0.0). Due to data availability issues, the time period used in the calculation of the joinpoint regression model may differ for selected counties. \n",,,
"Source: Death data provided by the National Vital Statistics System public use data file.  Death rates calculated by the National Cancer Institute using SEER*Stat. Death rates are age-adjusted  to the 2000 US standard population [http://seer.cancer.gov/stdpopulations/stdpop.19ages.html] (19 age groups: <1, 1-4, 5-9, ... , 80-84, 85+). The Healthy People 2020 goals are based on rates adjusted using different methods but the differences should be minimal. Population counts for denominators are based on Census populations as modified by NCI."" The 1969-2014 US Population Data File [http://seer.cancer.gov/popdata/] is used with mortality data. ",,,
