State ,Share living in poverty (%)
New Hampshire ,9.2
Maryland ,10.1
Connecticut ,10.8
New Jersey ,11.1
Wyoming ,11.2
Alaska ,11.2
Hawaii,11.4
Minnesota ,11.5
North Dakota ,11.5
Massachusetts ,11.6
Utah ,11.7
Virginia ,11.8
Colorado ,12
Vermont ,12.2
Iowa ,12.2
Nebraska ,12.4
Delaware ,12.5
Wisconsin ,13.2
Washington ,13.2
Kansas ,13.6
Pennsylvania ,13.6
Maine ,14.1
South Dakota ,14.2
Rhode Island ,14.3
Illinois ,14.4
Idaho,14.8
Nevada ,15.2
Indiana ,15.2
Montana ,15.4
Missouri ,15.5
Ohio ,15.8
New York ,15.9
Michigan ,16.2
California ,16.4
Florida ,16.5
Oregon ,16.6
Oklahoma ,16.6
Texas ,17.2
North Carolina ,17.2
District of Columbia ,17.7
South Carolina ,18
Arizona ,18.2
West Virginia ,18.3
Georgia ,18.3
Tennessee ,18.3
Arkansas ,18.9
Kentucky ,19.1
Alabama ,19.3
Louisiana ,19.8
New Mexico ,21.3
Mississippi ,21.5
